{
  "source_file": "MOTdata\\PD30_bigcirc.txt",
  "results": {
    "solid_angle_sr": 0.11004041315217922,
    "scattering_rate": 2585668.2165859034,
    "saturation_parameter": 10.800205409281785,
    "atom_number_mean": 2698411.037971787,
    "atom_number_std": 411203.17113287677,
    "atom_number_std_err": 1894.9454890915981,
    "background_voltage": 0.12233189324092424,
    "background_voltage_err": 0.0002860604169862647,
    "mean_photon_emission_rate": 6977195656168.229,
    "A": 0.006390308862430201,
    "A_err": 0.00026349188815596216,
    "tau": 0.013193032089335262,
    "tau_err": 0.001448265096345937,
    "V_final": 0.12872220210335444,
    "loading_rate_atoms_s": 207959634.22805527
  },
  "measured": {
    "power_at_beam_W": 0.005426,
    "detuning_MHz": 25,
    "natural_linewidth_MHz": 38138934.81458009,
    "R_load_ohm": 1000000.0,
    "responsivity_A_per_W": 0.45,
    "I_sat_W": 17.0,
    "dist_mot_focuslens_mm": 14.5,
    "diam_pd3_focuslens_mm": 5.5,
    "beam_radius_m": 0.0043375,
    "Omega_sr": 0.11004041315217922,
    "eta_coll": 0.007881064061869681
  },
  "indexes": {
    "V_ROOM_BOUND": 0.06,
    "V_ZOOMED": 1560,
    "SWITCH_TIME_DELAY": 20,
    "LOADING_WINDOW_UP_BOUND": 2500
  }
}