{
  "source_file": "MOTdata\\PD30w2.txt",
  "results": {
    "solid_angle_sr": 0.11004041315217922,
    "scattering_rate": 2585668.2165859034,
    "saturation_parameter": 10.800205409281785,
    "atom_number_mean": 3237515.1673482163,
    "atom_number_std": 491128.43195514067,
    "atom_number_std_err": 239.80880466559603,
    "background_voltage": 0.16335770685101078,
    "background_voltage_err": 0.00019868572248258362,
    "A": 0.007563646989428308,
    "A_err": 0.00019648954621644463,
    "tau": 0.015544183956447723,
    "tau_err": 0.000622919103138494,
    "V_final": 0.17092135384043908,
    "loading_rate_atoms_s": 208912842.5441932
  },
  "measured": {
    "power_at_beam_W": 0.005426,
    "detuning_MHz": 25,
    "natural_linewidth_MHz": 38138934.81458009,
    "R_load_ohm": 1000000.0,
    "responsivity_A_per_W": 0.45,
    "I_sat_W": 17.0,
    "dist_mot_focuslens_mm": 14.5,
    "diam_pd3_focuslens_mm": 5.5,
    "beam_radius_m": 0.0043375,
    "Omega_sr": 0.11004041315217922,
    "eta_coll": 0.007881064061869681
  },
  "indexes": {
    "V_ROOM_BOUND": 0.06,
    "V_ZOOMED": 1560,
    "SWITCH_TIME_DELAY": 20,
    "LOADING_WINDOW_UP_BOUND": 2500
  }
}