{
  "source_file": "MOT\\MOTdata\\detune3695.txt",
  "results": {
    "solid_angle_sr": 0.11004041315217922,
    "scattering_rate": 12212.75304674638,
    "saturation_parameter": 10.800205409281785,
    "atom_number_mean": 310143193.1796761,
    "atom_number_std": 126630633.26724432,
    "atom_number_std_err": 109164.3390234865,
    "background_voltage": 0.1635676983836889,
    "background_voltage_err": 0.00013338181299140132,
    "mean_photon_emission_rate": 3787702227432.7407,
    "A": 0.004365789107236223,
    "A_err": 0.0001228020523282981,
    "tau": 0.10422406040636932,
    "tau_err": 0.008024584387438973,
    "V_final": 0.16793348749092513,
    "loading_rate_atoms_s": 3807639297.015799
  },
  "measured": {
    "power_at_beam_W": 0.005426,
    "detuning_MHz": 393.9900000000182,
    "conv_VMHz": 1.4492753623188405e-05,
    "natural_linewidth_MHz": 38138934.81458009,
    "R_load_ohm": 1000000.0,
    "responsivity_A_per_W": 0.45,
    "I_sat_W": 17.0,
    "dist_mot_focuslens_mm": 14.5,
    "diam_pd3_focuslens_mm": 5.5,
    "beam_radius_m": 0.0043375,
    "Omega_sr": 0.11004041315217922,
    "eta_coll": 0.007881064061869681
  },
  "indexes": {
    "V_ROOM_BOUND": 0.07,
    "V_ZOOMED": 1560,
    "SWITCH_TIME_DELAY": 15,
    "LOADING_WINDOW_UP_BOUND": 2500
  }
}