{
  "source_file": "MOT copy\\MOTdata\\drop1.txt",
  "results": {
    "solid_angle_sr": 0.11004041315217922,
    "scattering_rate": 236206.95881108582,
    "saturation_parameter": 10.800205409281785,
    "atom_number_mean": 1917949.6515925445,
    "atom_number_std": 4257985.159686439,
    "atom_number_std_err": 6957.492090990913,
    "background_voltage": 0.10537969984882174,
    "background_voltage_err": 0.00015704651919998974,
    "mean_photon_emission_rate": 453033054355.4566,
    "A": 0.0004655998088440522,
    "A_err": 0.00014665150722994975,
    "tau": 0.08814086540110858,
    "tau_err": 0.06127883102850247,
    "V_final": 0.1058452996576658,
    "loading_rate_atoms_s": 24826609.10568834
  },
  "measured": {
    "power_at_beam_W": 0.005426,
    "detuning_MHz": -89.00999999997397,
    "conv_VMHz": 1.4492753623188405e-05,
    "natural_linewidth_MHz": 38138934.81458009,
    "R_load_ohm": 1000000.0,
    "responsivity_A_per_W": 0.45,
    "I_sat_W": 17.0,
    "dist_mot_focuslens_mm": 14.5,
    "diam_pd3_focuslens_mm": 5.5,
    "beam_radius_m": 0.0043375,
    "Omega_sr": 0.11004041315217922,
    "eta_coll": 0.007881064061869681
  },
  "indexes": {
    "V_ROOM_BOUND": 0.07,
    "V_ZOOMED": 1560,
    "SWITCH_TIME_DELAY": 15,
    "LOADING_WINDOW_UP_BOUND": 2500
  }
}