{
  "source_file": "MOTdata\\PD30_bigcirc.txt",
  "results": {
    "solid_angle_sr": 0.11004041315217922,
    "scattering_rate": 2585668.2165859034,
    "saturation_parameter": 10.800205409281785,
    "atom_number_mean": 1632724.3045635547,
    "atom_number_std": 390227.8213216541,
    "atom_number_std_err": 1077.9774069658952,
    "background_voltage": 0.12490069735414192,
    "background_voltage_err": 0.00015709298348654265,
    "mean_photon_emission_rate": 4221683340757.305,
    "A": 0.0049887846373548725,
    "A_err": 0.00027946876854004205,
    "tau": 0.033296202909553846,
    "tau_err": 0.005222625334077574,
    "V_final": 0.12988948199149677,
    "loading_rate_atoms_s": 64328268.36505463
  },
  "measured": {
    "power_at_beam_W": 0.005426,
    "detuning_MHz": 25,
    "natural_linewidth_MHz": 38138934.81458009,
    "R_load_ohm": 1000000.0,
    "responsivity_A_per_W": 0.45,
    "I_sat_W": 17.0,
    "dist_mot_focuslens_mm": 14.5,
    "diam_pd3_focuslens_mm": 5.5,
    "beam_radius_m": 0.0043375,
    "Omega_sr": 0.11004041315217922,
    "eta_coll": 0.007881064061869681
  },
  "indexes": {
    "V_ROOM_BOUND": 0.06,
    "V_ZOOMED": 1560,
    "SWITCH_TIME_DELAY": 20,
    "LOADING_WINDOW_UP_BOUND": 2500
  }
}