{
  "source_file": "MOT\\MOTdata\\detune3686.txt",
  "results": {
    "solid_angle_sr": 0.11004041315217922,
    "scattering_rate": 36735.24537082997,
    "saturation_parameter": 10.800205409281785,
    "atom_number_mean": 78264706.54926293,
    "atom_number_std": 35452681.07840101,
    "atom_number_std_err": 30589.025952028478,
    "background_voltage": 0.1571566281585342,
    "background_voltage_err": 9.095111728956568e-05,
    "mean_photon_emission_rate": 2875073198963.1777,
    "A": 0.004056225644044926,
    "A_err": 0.00012557679961134094,
    "tau": 0.17185331186634492,
    "tau_err": 0.016245168301264858,
    "V_final": 0.16121285380257913,
    "loading_rate_atoms_s": 713273134.5868359
  },
  "measured": {
    "power_at_beam_W": 0.005426,
    "detuning_MHz": -227.0099999999661,
    "conv_VMHz": 1.4492753623188405e-05,
    "natural_linewidth_MHz": 38138934.81458009,
    "R_load_ohm": 1000000.0,
    "responsivity_A_per_W": 0.45,
    "I_sat_W": 17.0,
    "dist_mot_focuslens_mm": 14.5,
    "diam_pd3_focuslens_mm": 5.5,
    "beam_radius_m": 0.0043375,
    "Omega_sr": 0.11004041315217922,
    "eta_coll": 0.007881064061869681
  },
  "indexes": {
    "V_ROOM_BOUND": 0.07,
    "V_ZOOMED": 1560,
    "SWITCH_TIME_DELAY": 15,
    "LOADING_WINDOW_UP_BOUND": 2500
  }
}