{
  "source_file": "MOT\\MOTdata\\detune3685.txt",
  "results": {
    "solid_angle_sr": 0.11004041315217922,
    "scattering_rate": 21624.038152101275,
    "saturation_parameter": 10.800205409281785,
    "atom_number_mean": 191841825.010869,
    "atom_number_std": 69163357.54439674,
    "atom_number_std_err": 59675.02807972109,
    "background_voltage": 0.1607270065998627,
    "background_voltage_err": 0.00011375733499979748,
    "mean_photon_emission_rate": 4148394943203.7686,
    "A": 0.004851814340568872,
    "A_err": 0.00010519718762130756,
    "tau": 0.10865082738200556,
    "tau_err": 0.0066529445398230466,
    "V_final": 0.16557882094043155,
    "loading_rate_atoms_s": 2292497909.7206984
  },
  "measured": {
    "power_at_beam_W": 0.005426,
    "detuning_MHz": -296.0099999999818,
    "conv_VMHz": 1.4492753623188405e-05,
    "natural_linewidth_MHz": 38138934.81458009,
    "R_load_ohm": 1000000.0,
    "responsivity_A_per_W": 0.45,
    "I_sat_W": 17.0,
    "dist_mot_focuslens_mm": 14.5,
    "diam_pd3_focuslens_mm": 5.5,
    "beam_radius_m": 0.0043375,
    "Omega_sr": 0.11004041315217922,
    "eta_coll": 0.007881064061869681
  },
  "indexes": {
    "V_ROOM_BOUND": 0.07,
    "V_ZOOMED": 1560,
    "SWITCH_TIME_DELAY": 15,
    "LOADING_WINDOW_UP_BOUND": 2500
  }
}