{
  "source_file": "MOT\\MOTdata\\detune3689.txt",
  "results": {
    "solid_angle_sr": 0.11004041315217922,
    "scattering_rate": 3726401.191026748,
    "saturation_parameter": 10.800205409281785,
    "atom_number_mean": 744424.599075014,
    "atom_number_std": 331210.22111367114,
    "atom_number_std_err": 285.77240820851694,
    "background_voltage": 0.15639870464017627,
    "background_voltage_err": 0.00011664446949766822,
    "mean_photon_emission_rate": 2774024712622.741,
    "A": 0.0032343535642631524,
    "A_err": 0.00010787341713591041,
    "tau": 0.10869631891682587,
    "tau_err": 0.01024125876773472,
    "V_final": 0.15963305820443943,
    "loading_rate_atoms_s": 8864569.674951423
  },
  "measured": {
    "power_at_beam_W": 0.005426,
    "detuning_MHz": -20.00999999999749,
    "conv_VMHz": 1.4492753623188405e-05,
    "natural_linewidth_MHz": 38138934.81458009,
    "R_load_ohm": 1000000.0,
    "responsivity_A_per_W": 0.45,
    "I_sat_W": 17.0,
    "dist_mot_focuslens_mm": 14.5,
    "diam_pd3_focuslens_mm": 5.5,
    "beam_radius_m": 0.0043375,
    "Omega_sr": 0.11004041315217922,
    "eta_coll": 0.007881064061869681
  },
  "indexes": {
    "V_ROOM_BOUND": 0.07,
    "V_ZOOMED": 1560,
    "SWITCH_TIME_DELAY": 15,
    "LOADING_WINDOW_UP_BOUND": 2500
  }
}