{
  "source_file": "MOT copy\\MOTdata\\drop4.txt",
  "results": {
    "solid_angle_sr": 0.11004041315217922,
    "scattering_rate": 3726401.191026748,
    "saturation_parameter": 10.800205409281785,
    "atom_number_mean": 1522692.2317734284,
    "atom_number_std": 577093.6307927462,
    "atom_number_std_err": 942.9634490077552,
    "background_voltage": 0.146037364293897,
    "background_voltage_err": 0.00013552942408489414,
    "mean_photon_emission_rate": 5674162146047.681,
    "A": 0.010488649834070145,
    "A_err": 0.0006184167871219807,
    "tau": 0.33909008427206755,
    "tau_err": 0.039996679672715606,
    "V_final": 0.15652601412796713,
    "loading_rate_atoms_s": 9214876.046665564
  },
  "measured": {
    "power_at_beam_W": 0.005426,
    "detuning_MHz": -20.00999999999749,
    "conv_VMHz": 1.4492753623188405e-05,
    "natural_linewidth_MHz": 38138934.81458009,
    "R_load_ohm": 1000000.0,
    "responsivity_A_per_W": 0.45,
    "I_sat_W": 17.0,
    "dist_mot_focuslens_mm": 14.5,
    "diam_pd3_focuslens_mm": 5.5,
    "beam_radius_m": 0.0043375,
    "Omega_sr": 0.11004041315217922,
    "eta_coll": 0.007881064061869681
  },
  "indexes": {
    "V_ROOM_BOUND": 0.07,
    "V_ZOOMED": 1560,
    "SWITCH_TIME_DELAY": 15,
    "LOADING_WINDOW_UP_BOUND": 2500
  }
}