{
  "source_file": "MOTdata\\PD30_49.txt",
  "results": {
    "solid_angle_sr": 0.11004041315217922,
    "scattering_rate": 2585668.2165859034,
    "saturation_parameter": 10.800205409281785,
    "atom_number_mean": 317181.2676551488,
    "atom_number_std": 400754.7049862408,
    "atom_number_std_err": 1189.1831008493791,
    "background_voltage": 0.08520080574633859,
    "background_voltage_err": 0.0005444198319814976,
    "mean_photon_emission_rate": 820125522672.3447,
    "A": 0.0009193731384318776,
    "A_err": 0.0005435701579628823,
    "tau": 0.003809830584480084,
    "tau_err": 0.0034086652724745754,
    "V_final": 0.08612017888477047,
    "loading_rate_atoms_s": 103606728.61874458
  },
  "measured": {
    "power_at_beam_W": 0.005426,
    "detuning_MHz": 25,
    "natural_linewidth_MHz": 38138934.81458009,
    "R_load_ohm": 1000000.0,
    "responsivity_A_per_W": 0.45,
    "I_sat_W": 17.0,
    "dist_mot_focuslens_mm": 14.5,
    "diam_pd3_focuslens_mm": 5.5,
    "beam_radius_m": 0.0043375,
    "Omega_sr": 0.11004041315217922,
    "eta_coll": 0.007881064061869681
  },
  "indexes": {
    "V_ROOM_BOUND": 0.06,
    "V_ZOOMED": 1560,
    "SWITCH_TIME_DELAY": 20,
    "LOADING_WINDOW_UP_BOUND": 2500
  }
}