{
  "source_file": "MOT copy\\MOTdata\\drop3.txt",
  "results": {
    "solid_angle_sr": 0.11004041315217922,
    "scattering_rate": 3726401.191026748,
    "saturation_parameter": 10.800205409281785,
    "atom_number_mean": 529671.3923249108,
    "atom_number_std": 307911.0763784447,
    "atom_number_std_err": 503.9461151856705,
    "background_voltage": 0.11972050673683585,
    "background_voltage_err": 0.00010667274053554594,
    "mean_photon_emission_rate": 1973768107212.3433,
    "A": 0.004459294594513607,
    "A_err": 0.000925095728848754,
    "tau": 0.4522262416373862,
    "tau_err": 0.15645785064998907,
    "V_final": 0.12417980133134945,
    "loading_rate_atoms_s": 2937618.5747036673
  },
  "measured": {
    "power_at_beam_W": 0.005426,
    "detuning_MHz": -20.00999999999749,
    "conv_VMHz": 1.4492753623188405e-05,
    "natural_linewidth_MHz": 38138934.81458009,
    "R_load_ohm": 1000000.0,
    "responsivity_A_per_W": 0.45,
    "I_sat_W": 17.0,
    "dist_mot_focuslens_mm": 14.5,
    "diam_pd3_focuslens_mm": 5.5,
    "beam_radius_m": 0.0043375,
    "Omega_sr": 0.11004041315217922,
    "eta_coll": 0.007881064061869681
  },
  "indexes": {
    "V_ROOM_BOUND": 0.07,
    "V_ZOOMED": 1560,
    "SWITCH_TIME_DELAY": 15,
    "LOADING_WINDOW_UP_BOUND": 2500
  }
}