{
  "source_file": "MOTdata\\PD30w3.txt",
  "results": {
    "solid_angle_sr": 0.11004041315217922,
    "scattering_rate": 2585668.2165859034,
    "saturation_parameter": 10.800205409281785,
    "atom_number_mean": 11768684.964096418,
    "atom_number_std": 3076726.1902338397,
    "atom_number_std_err": 1031.4201107052766,
    "background_voltage": 0.3374884676113088,
    "background_voltage_err": 0.001346673423896258,
    "mean_photon_emission_rate": 30429914662676.523,
    "A": 0.027190169404998053,
    "A_err": 0.0013395820790852808,
    "tau": 0.012016516427664168,
    "tau_err": 0.0008762852180827617,
    "V_final": 0.3646786370163069,
    "loading_rate_atoms_s": 971482861.0901653
  },
  "measured": {
    "power_at_beam_W": 0.005426,
    "detuning_MHz": 25,
    "natural_linewidth_MHz": 38138934.81458009,
    "R_load_ohm": 1000000.0,
    "responsivity_A_per_W": 0.45,
    "I_sat_W": 17.0,
    "dist_mot_focuslens_mm": 14.5,
    "diam_pd3_focuslens_mm": 5.5,
    "beam_radius_m": 0.0043375,
    "Omega_sr": 0.11004041315217922,
    "eta_coll": 0.007881064061869681
  },
  "indexes": {
    "V_ROOM_BOUND": 0.06,
    "V_ZOOMED": 1560,
    "SWITCH_TIME_DELAY": 20,
    "LOADING_WINDOW_UP_BOUND": 2500
  }
}