{
  "source_file": "MOT\\MOTdata\\bfield37A.txt",
  "results": {
    "solid_angle_sr": 0.11004041315217922,
    "scattering_rate": 2585668.2165859034,
    "saturation_parameter": 10.800205409281785,
    "atom_number_mean": 1413290.3541189462,
    "atom_number_std": 469133.8084549515,
    "atom_number_std_err": 1303.1494679304208,
    "background_voltage": 0.11779841814861261,
    "background_voltage_err": 0.00037664718820616514,
    "mean_photon_emission_rate": 3654299949452.795,
    "A": 0.003273322999902854,
    "A_err": 0.00037279544463227483,
    "tau": 0.00907639796267647,
    "tau_err": 0.0016132289065704131,
    "V_final": 0.12107174114851546,
    "loading_rate_atoms_s": 154837855.12872615
  },
  "measured": {
    "power_at_beam_W": 0.005426,
    "detuning_MHz": 25,
    "natural_linewidth_MHz": 38138934.81458009,
    "R_load_ohm": 1000000.0,
    "responsivity_A_per_W": 0.45,
    "I_sat_W": 17.0,
    "dist_mot_focuslens_mm": 14.5,
    "diam_pd3_focuslens_mm": 5.5,
    "beam_radius_m": 0.0043375,
    "Omega_sr": 0.11004041315217922,
    "eta_coll": 0.007881064061869681
  },
  "indexes": {
    "V_ROOM_BOUND": 0.07,
    "V_ZOOMED": 1560,
    "SWITCH_TIME_DELAY": 15,
    "LOADING_WINDOW_UP_BOUND": 2500
  }
}